{"cameraMode":{"drawMode":0,"name":"Shaded","section":"Shading Mode"},"sceneLighting":true,"audioPlay":false,"sceneViewState":{"showFog":true,"showMaterialUpdate":false,"showSkybox":false,"showFlares":true,"showImageEffects":true,"showParticleSystems":true},"in2DMode":false,"pivot":{"x":-14.943115234375,"y":1.0987659692764283,"z":22.437259674072267},"rotation":{"x":0.04759019985795021,"y":0.8461109399795532,"z":-0.07664452493190766,"w":0.5253162980079651},"size":106.67044830322266,"orthographic":false}