{"cameraMode":{"drawMode":0,"name":"Shaded","section":"Shading Mode"},"sceneLighting":true,"audioPlay":false,"sceneViewState":{"showFog":true,"showMaterialUpdate":false,"showSkybox":true,"showFlares":true,"showImageEffects":true,"showParticleSystems":true},"in2DMode":false,"pivot":{"x":-15.185831069946289,"y":7.7662177085876469,"z":9.248480796813965},"rotation":{"x":0.12267311662435532,"y":-0.07865156978368759,"z":0.009754985570907593,"w":0.9892776012420654},"size":5.2412309646606449,"orthographic":false}