{"cameraMode":{"drawMode":0,"name":"Shaded","section":"Shading Mode"},"sceneLighting":false,"audioPlay":false,"sceneViewState":{"showFog":true,"showMaterialUpdate":false,"showSkybox":false,"showFlares":true,"showImageEffects":true,"showParticleSystems":true},"in2DMode":false,"pivot":{"x":-9.710616111755371,"y":0.9665877223014832,"z":21.49479866027832},"rotation":{"x":0.03026674874126911,"y":-0.4187471568584442,"z":0.01397010963410139,"w":0.9074907898902893},"size":5.216305732727051,"orthographic":false}